statement ok
create table t1 (a int, b int)

statement ok
insert into t1 values (2, 3), (5, 4)

query II rowsort
select * from (select * from t1)
----
2 3
5 4

query II rowsort
select * from (select b from t1)
----
3
4